[
  {
    "hotel_id": "582",
    "name": "Hotel Riu Plaza España",
    "email": "email@email.com",
    "telephone": "919 193 393",
    "location": "Madrid",
    "category": "string",
    "stars": "string",
    "status": {
      "type": "string",
      "date": "2023-11-15T10:00:00Z"
    },
    "continent": {
      "id": "string",
      "name": "string",
      "country": {
        "id": "string",
        "name": "string",
        "destination": {
          "id": "string",
          "name": "string"
        }
      }
    },
    "rooms": [
      {
        "type": "string",
        "name": "string",
        "services": [
          {
            "id": "string",
            "name": "string"
          },
          {
            "id": "string",
            "name": "string"
          }
        ],
        "package": [
          {
            "id": "string",
            "name": "string"
          },
          {
            "id": "string",
            "name": "string"
          }
        ]
      },
      {
        "type": "string",
        "name": "string",
        "services": [
          {
            "id": "string",
            "name": "string"
          },
          {
            "id": "string",
            "name": "string"
          }
        ],
        "package": [
          {
            "id": "string",
            "name": "string"
          },
          {
            "id": "string",
            "name": "string"
          }
        ]
      }
    ],
    "activities": [
      {
        "id": "string",
        "name": "string",
        "groups": [
          {
            "id": "string",
            "name": "string"
          },
          {
            "id": "string",
            "name": "string"
          }
        ]
      },
      {
        "id": "string",
        "name": "string",
        "groups": [
          {
            "id": "string",
            "name": "string"
          },
          {
            "id": "string",
            "name": "string"
          }
        ]
      }
    ],
    "facilities": [
      {
        "id": "string",
        "name": "string"
      },
      {
        "id": "string",
        "name": "string"
      }
    ],
    "services": [
      {
        "id": "string",
        "name": "string"
      },
      {
        "id": "string",
        "name": "string"
      }
    ],
    "meetings": true,
    "weddings": false,
    "amenities": true,
    "excursions": false,
    "checkouts": {
      "online": true,
      "direct_exit": false
    }
  },
  {
    "hotel_id": "1601",
    "name": "string",
    "email": "string",
    "telephone": "string",
    "location": "string",
    "category": "string",
    "stars": "string",
    "status": {
      "type": "string",
      "date": "2023-11-15T10:00:00Z"
    },
    "continent": {
      "id": "string",
      "name": "string",
      "country": {
        "id": "string",
        "name": "string",
        "destination": {
          "id": "string",
          "name": "string"
        }
      }
    },
    "rooms": [
      {
        "type": "string",
        "name": "string",
        "services": [
          {
            "id": "string",
            "name": "string"
          },
          {
            "id": "string",
            "name": "string"
          }
        ],
        "package": [
          {
            "id": "string",
            "name": "string"
          },
          {
            "id": "string",
            "name": "string"
          }
        ]
      },
      {
        "type": "string",
        "name": "string",
        "services": [
          {
            "id": "string",
            "name": "string"
          },
          {
            "id": "string",
            "name": "string"
          }
        ],
        "package": [
          {
            "id": "string",
            "name": "string"
          },
          {
            "id": "string",
            "name": "string"
          }
        ]
      }
    ],
    "activities": [
      {
        "id": "string",
        "name": "string",
        "groups": [
          {
            "id": "string",
            "name": "string"
          },
          {
            "id": "string",
            "name": "string"
          }
        ]
      },
      {
        "id": "string",
        "name": "string",
        "groups": [
          {
            "id": "string",
            "name": "string"
          },
          {
            "id": "string",
            "name": "string"
          }
        ]
      }
    ],
    "facilities": [
      {
        "id": "string",
        "name": "string"
      },
      {
        "id": "string",
        "name": "string"
      }
    ],
    "services": [
      {
        "id": "string",
        "name": "string"
      },
      {
        "id": "string",
        "name": "string"
      }
    ],
    "meetings": true,
    "weddings": false,
    "amenities": true,
    "excursions": false,
    "checkouts": {
      "online": true,
      "direct_exit": true
    }
  }
]
