{
  "id": "1234>",
  "owner": {
    "name": "Antonio",
    "last_name": "García"
  },
  "check_out_date_time": {
    "date": "2023-12-12",
    "time": "16:51"
  },
  "has_checked_out": false,
	"pre_check_out": true,
  "price_to_pay": {
    "guarantee": {
      "amount": 500,
      "currency": ""
    },
    "pending_balance": {
      "amount": 350,
      "currency": ""
    },
    "total_to_get": {
      "amount": 350,
      "currency": ""
    },
    "total_to_pay": {
      "amount": 150,
      "currency": ""
    },
    "total_to_pay_alt_currency": {
      "amount": 150,
      "currency": "USD"
    }
  }
}